experiment_ID,timestamp,temperature,gas,humidity,barometer,liverpool_temperature,place
1,12-11 20:50:10,30.94,16293.0,41.0,1028.85,5.45,dongyangHome
2,12-11 20:50:15,30.94,16155.0,41.0,1028.87,5.45,dongyangHome
3,12-11 20:50:21,30.94,16255.0,41.0,1028.85,5.45,dongyangHome
4,12-11 20:50:26,30.94,16167.0,41.0,1028.85,5.45,dongyangHome
5,12-11 20:50:31,30.94,16408.0,41.0,1028.8,5.45,dongyangHome
6,12-11 20:50:36,30.94,16408.0,41.0,1028.83,5.45,dongyangHome
7,12-11 20:50:41,30.94,16408.0,41.0,1028.8,5.45,dongyangHome
8,12-11 20:50:46,30.94,16434.0,41.0,1028.83,5.45,dongyangHome
9,12-11 20:50:51,30.93,16319.0,41.0,1028.83,5.45,dongyangHome
10,12-11 20:50:57,30.93,16268.0,41.0,1028.83,5.45,dongyangHome
11,12-11 20:51:02,30.93,16230.0,41.0,1028.83,5.45,dongyangHome
12,12-11 20:51:07,30.94,16319.0,41.0,1028.83,5.45,dongyangHome
13,12-11 20:51:12,30.93,16408.0,41.0,1028.83,5.45,dongyangHome
14,12-11 20:51:17,30.93,16319.0,41.0,1028.85,5.45,dongyangHome
15,12-11 20:51:22,30.93,16370.0,41.0,1028.85,5.45,dongyangHome
16,12-11 20:51:27,30.93,16370.0,41.0,1028.85,5.45,dongyangHome
17,12-11 20:51:32,30.93,16281.0,41.0,1028.85,5.45,dongyangHome
18,12-11 20:51:37,30.93,16281.0,41.0,1028.83,5.45,dongyangHome
19,12-11 20:51:42,30.94,16447.0,41.0,1028.83,5.45,dongyangHome
20,12-11 20:51:47,30.93,16306.0,41.0,1028.85,5.45,dongyangHome
21,12-11 20:51:53,30.93,16447.0,41.0,1028.85,5.45,dongyangHome
22,12-11 20:51:57,30.92,16408.0,41.0,1028.85,5.45,dongyangHome
23,12-11 20:52:03,30.92,16486.0,41.0,1028.85,5.45,dongyangHome
24,12-11 20:52:08,30.92,16268.0,41.0,1028.85,5.45,dongyangHome
25,12-11 20:52:13,30.93,16319.0,41.0,1028.85,5.45,dongyangHome
26,12-11 20:52:18,30.92,16421.0,41.0,1028.85,5.45,dongyangHome
27,12-11 20:52:23,30.92,16512.0,41.0,1028.85,5.45,dongyangHome
28,12-11 20:52:28,30.92,16408.0,41.0,1028.83,5.45,dongyangHome
29,12-11 20:52:33,30.92,16447.0,41.0,1028.85,5.45,dongyangHome
30,12-11 20:52:39,30.92,16370.0,41.0,1028.87,5.45,dongyangHome
31,12-11 20:52:44,30.92,16281.0,41.0,1028.87,5.45,dongyangHome
32,12-11 20:52:48,30.92,16525.0,41.0,1028.87,5.45,dongyangHome
33,12-11 20:52:54,30.92,16344.0,41.0,1028.83,5.45,dongyangHome
34,12-11 20:52:59,30.92,16344.0,41.0,1028.87,5.45,dongyangHome
35,12-11 20:53:04,30.91,16395.0,41.0,1028.85,5.45,dongyangHome
36,12-11 20:53:09,30.91,16421.0,41.0,1028.85,5.45,dongyangHome
37,12-11 20:53:14,30.91,16447.0,41.0,1028.83,5.45,dongyangHome
38,12-11 20:53:19,30.91,16370.0,41.0,1028.85,5.45,dongyangHome
39,12-11 20:53:24,30.91,16408.0,41.0,1028.85,5.45,dongyangHome
40,12-11 20:53:29,30.91,16395.0,41.0,1028.85,5.45,dongyangHome
41,12-11 20:53:35,30.91,16434.0,41.0,1028.87,5.45,dongyangHome
42,12-11 20:53:40,30.91,16319.0,41.0,1028.85,5.45,dongyangHome
43,12-11 20:53:45,30.91,16395.0,41.0,1028.85,5.45,dongyangHome
44,12-11 20:53:50,30.91,16319.0,41.0,1028.85,5.45,dongyangHome
45,12-11 20:53:55,30.9,16434.0,41.0,1028.85,5.45,dongyangHome
46,12-11 20:54:00,30.91,16293.0,41.0,1028.85,5.45,dongyangHome
47,12-11 20:54:05,30.9,16408.0,41.0,1028.87,5.45,dongyangHome
48,12-11 20:54:10,30.9,16395.0,41.0,1028.8,5.45,dongyangHome
49,12-11 20:54:15,30.9,16460.0,41.0,1028.83,5.45,dongyangHome
50,12-11 20:54:20,30.9,16421.0,41.0,1028.89,5.45,dongyangHome
51,12-11 20:54:26,30.89,16551.0,41.0,1028.89,5.45,dongyangHome
52,12-11 20:54:31,30.9,16551.0,41.0,1028.8,5.45,dongyangHome
53,12-11 20:54:36,30.9,16421.0,41.0,1028.83,5.45,dongyangHome
54,12-11 20:54:41,30.89,16408.0,41.0,1028.83,5.45,dongyangHome
55,12-11 20:54:46,30.89,16370.0,41.0,1028.83,5.45,dongyangHome
56,12-11 20:54:51,30.89,16370.0,41.0,1028.83,5.45,dongyangHome
57,12-11 20:54:56,30.9,16331.0,41.0,1028.83,5.45,dongyangHome
58,12-11 20:55:01,30.89,16421.0,41.0,1028.83,5.45,dongyangHome
59,12-11 20:55:06,30.89,16512.0,41.0,1028.83,5.45,dongyangHome
60,12-11 20:55:12,30.89,16408.0,41.0,1028.83,5.45,dongyangHome
61,12-11 20:55:17,30.88,16421.0,41.0,1028.83,5.45,dongyangHome
62,12-11 20:55:22,30.89,16499.0,41.0,1028.83,5.45,dongyangHome
63,12-11 20:55:27,30.89,16486.0,41.0,1028.83,5.45,dongyangHome
64,12-11 20:55:32,30.89,16357.0,41.0,1028.83,5.45,dongyangHome
65,12-11 20:55:37,30.88,16473.0,41.0,1028.83,5.45,dongyangHome
66,12-11 20:55:42,30.88,16370.0,41.0,1028.83,5.45,dongyangHome
67,12-11 20:55:47,30.88,16643.0,41.0,1028.83,5.45,dongyangHome
68,12-11 20:55:52,30.89,16421.0,41.0,1028.83,5.45,dongyangHome
69,12-11 20:55:58,30.88,16421.0,41.0,1028.8,5.45,dongyangHome
70,12-11 20:56:03,30.88,16525.0,41.0,1028.8,5.45,dongyangHome
71,12-11 20:56:08,30.89,16590.0,41.0,1028.83,5.45,dongyangHome
72,12-11 20:56:13,30.88,16486.0,41.0,1028.85,5.45,dongyangHome
73,12-11 20:56:18,30.88,16683.0,41.0,1028.83,5.45,dongyangHome
74,12-11 20:56:23,30.89,16603.0,41.0,1028.85,5.45,dongyangHome
75,12-11 20:56:28,30.88,16421.0,41.0,1028.83,5.45,dongyangHome
76,12-11 20:56:33,30.88,16617.0,41.0,1028.8,5.45,dongyangHome
77,12-11 20:56:38,30.88,16486.0,41.0,1028.8,5.45,dongyangHome
78,12-11 20:56:44,30.88,16434.0,41.0,1028.8,5.45,dongyangHome
79,12-11 20:56:49,30.88,16630.0,41.0,1028.83,5.45,dongyangHome
80,12-11 20:56:54,30.88,16538.0,41.0,1028.83,5.45,dongyangHome
81,12-11 20:56:59,30.88,16538.0,41.0,1028.85,5.45,dongyangHome
82,12-11 20:57:04,30.88,16590.0,41.0,1028.83,5.45,dongyangHome
83,12-11 20:57:09,30.88,16460.0,41.0,1028.8,5.45,dongyangHome
84,12-11 20:57:14,30.88,16564.0,41.0,1028.85,5.45,dongyangHome
85,12-11 20:57:19,30.88,16499.0,41.0,1028.85,5.45,dongyangHome
86,12-11 20:57:24,30.88,16499.0,41.0,1028.83,5.45,dongyangHome
87,12-11 20:57:30,30.88,16473.0,41.0,1028.83,5.45,dongyangHome
88,12-11 20:57:35,30.88,16395.0,41.0,1028.8,5.45,dongyangHome
89,12-11 20:57:40,30.88,16395.0,41.0,1028.8,5.45,dongyangHome
90,12-11 20:57:45,30.88,16551.0,41.0,1028.8,5.45,dongyangHome
91,12-11 20:57:50,30.88,16408.0,41.0,1028.8,5.45,dongyangHome
92,12-11 20:57:55,30.87,16617.0,41.0,1028.8,5.45,dongyangHome
93,12-11 20:58:00,30.88,16656.0,41.0,1028.8,5.45,dongyangHome
94,12-11 20:58:05,30.88,16486.0,41.0,1028.8,5.45,dongyangHome
95,12-11 20:58:10,30.87,16499.0,41.0,1028.8,5.45,dongyangHome
96,12-11 20:58:15,30.88,16590.0,41.0,1028.8,5.45,dongyangHome
97,12-11 20:58:21,30.87,16577.0,41.0,1028.8,5.45,dongyangHome
98,12-11 20:58:26,30.87,16603.0,41.0,1028.83,5.45,dongyangHome
99,12-11 20:58:31,30.87,16683.0,41.0,1028.8,5.45,dongyangHome
100,12-11 20:58:36,30.87,16656.0,41.0,1028.8,5.45,dongyangHome
101,12-11 20:58:41,30.87,16525.0,41.0,1028.8,5.45,dongyangHome
102,12-11 20:58:46,30.87,16434.0,41.0,1028.8,5.45,dongyangHome
103,12-11 20:58:51,30.87,16473.0,41.0,1028.8,5.45,dongyangHome
104,12-11 20:58:56,30.87,16669.0,41.0,1028.8,5.45,dongyangHome
105,12-11 20:59:01,30.87,16408.0,41.0,1028.8,5.45,dongyangHome
106,12-11 20:59:07,30.87,16669.0,41.0,1028.8,5.45,dongyangHome
107,12-11 20:59:12,30.87,16577.0,41.0,1028.8,5.45,dongyangHome
108,12-11 20:59:17,30.87,16683.0,41.0,1028.8,5.45,dongyangHome
109,12-11 20:59:22,30.87,16525.0,41.0,1028.8,5.45,dongyangHome
110,12-11 20:59:27,30.87,16525.0,41.0,1028.8,5.45,dongyangHome
111,12-11 20:59:32,30.87,16538.0,41.0,1028.8,5.45,dongyangHome
112,12-11 20:59:37,30.86,16643.0,41.0,1028.8,5.45,dongyangHome
113,12-11 20:59:42,30.86,16643.0,41.0,1028.83,5.45,dongyangHome
114,12-11 20:59:47,30.86,16709.0,41.0,1028.8,5.45,dongyangHome
115,12-11 20:59:52,30.86,16564.0,41.0,1028.83,5.45,dongyangHome
116,12-11 20:59:57,30.86,16551.0,41.0,1028.8,5.45,dongyangHome
117,12-11 21:00:03,30.87,16736.0,41.0,1028.83,5.45,dongyangHome
118,12-11 21:00:08,30.86,16723.0,41.0,1028.8,5.45,dongyangHome
119,12-11 21:00:13,30.86,16499.0,41.0,1028.8,5.45,dongyangHome
120,12-11 21:00:18,30.86,16590.0,41.0,1028.83,5.45,dongyangHome
121,12-11 21:00:23,30.86,16499.0,41.0,1028.83,5.45,dongyangHome
122,12-11 21:00:28,30.86,16512.0,41.0,1028.83,5.45,dongyangHome
123,12-11 21:00:33,30.85,16473.0,41.0,1028.8,5.45,dongyangHome
124,12-11 21:00:38,30.86,16603.0,41.0,1028.8,5.45,dongyangHome
125,12-11 21:00:44,30.86,16538.0,41.0,1028.8,5.45,dongyangHome
126,12-11 21:00:49,30.86,16643.0,41.0,1028.83,5.45,dongyangHome
127,12-11 21:00:54,30.86,16434.0,41.0,1028.8,5.45,dongyangHome
128,12-11 21:00:59,30.86,16512.0,41.0,1028.8,5.45,dongyangHome
129,12-11 21:01:04,30.86,16577.0,41.0,1028.8,5.45,dongyangHome
130,12-11 21:01:09,30.86,16630.0,41.0,1028.83,5.45,dongyangHome
131,12-11 21:01:14,30.85,16564.0,41.0,1028.8,5.45,dongyangHome
132,12-11 21:01:19,30.85,16750.0,41.0,1028.8,5.45,dongyangHome
133,12-11 21:01:25,30.85,16564.0,41.0,1028.8,5.45,dongyangHome
134,12-11 21:01:29,30.86,16857.0,41.0,1028.8,5.45,dongyangHome
135,12-11 21:01:35,30.86,16590.0,41.0,1028.83,5.45,dongyangHome
136,12-11 21:01:40,30.85,16551.0,41.0,1028.83,5.45,dongyangHome
137,12-11 21:01:45,30.86,16564.0,41.0,1028.8,5.45,dongyangHome
138,12-11 21:01:50,30.85,16696.0,41.0,1028.83,5.45,dongyangHome
139,12-11 21:01:55,30.85,16709.0,41.0,1028.8,5.45,dongyangHome
140,12-11 21:02:00,30.85,16564.0,41.0,1028.8,5.45,dongyangHome
141,12-11 21:02:05,30.85,16790.0,41.0,1028.8,5.45,dongyangHome
142,12-11 21:02:10,30.85,16617.0,41.0,1028.8,5.45,dongyangHome
143,12-11 21:02:15,30.85,16617.0,41.0,1028.83,5.45,dongyangHome
144,12-11 21:02:21,30.86,16590.0,41.0,1028.8,5.45,dongyangHome
145,12-11 21:02:26,30.85,16723.0,41.0,1028.83,5.45,dongyangHome
146,12-11 21:02:31,30.85,16630.0,41.0,1028.8,5.45,dongyangHome
147,12-11 21:02:36,30.85,16643.0,41.0,1028.83,5.45,dongyangHome
148,12-11 21:02:41,30.85,16683.0,41.0,1028.83,5.45,dongyangHome
149,12-11 21:02:46,30.85,16243.0,41.0,1028.83,5.45,dongyangHome
150,12-11 21:02:51,30.85,16434.0,41.0,1028.85,5.45,dongyangHome
151,12-11 21:02:56,30.85,16590.0,41.0,1028.83,5.45,dongyangHome
152,12-11 21:03:01,30.84,16512.0,41.0,1028.83,5.45,dongyangHome
153,12-11 21:03:06,30.84,16577.0,41.0,1028.83,5.45,dongyangHome
154,12-11 21:03:11,30.84,16683.0,41.0,1028.83,5.45,dongyangHome
155,12-11 21:03:17,30.84,16736.0,41.0,1028.83,5.45,dongyangHome
156,12-11 21:03:22,30.84,16603.0,41.0,1028.83,5.45,dongyangHome
157,12-11 21:03:27,30.84,16696.0,41.0,1028.83,5.45,dongyangHome
158,12-11 21:03:32,30.84,16656.0,41.0,1028.83,5.45,dongyangHome
159,12-11 21:03:37,30.84,16750.0,41.0,1028.85,5.45,dongyangHome
160,12-11 21:03:42,30.83,16736.0,41.0,1028.8,5.45,dongyangHome
161,12-11 21:03:47,30.85,16643.0,41.0,1028.85,5.45,dongyangHome
162,12-11 21:03:52,30.85,16763.0,41.0,1028.85,5.45,dongyangHome
163,12-11 21:03:57,30.84,16630.0,41.0,1028.85,5.45,dongyangHome
164,12-11 21:04:03,30.84,16763.0,41.0,1028.87,5.45,dongyangHome
165,12-11 21:04:08,30.84,16603.0,41.0,1028.85,5.45,dongyangHome
166,12-11 21:04:12,30.85,16736.0,41.0,1028.85,5.45,dongyangHome
167,12-11 21:04:18,30.84,16817.0,41.0,1028.85,5.45,dongyangHome
168,12-11 21:04:23,30.84,16696.0,41.0,1028.87,5.45,dongyangHome
169,12-11 21:04:28,30.84,16643.0,41.0,1028.85,5.45,dongyangHome
170,12-11 21:04:33,30.84,16723.0,41.0,1028.85,5.45,dongyangHome
171,12-11 21:04:38,30.84,16656.0,41.0,1028.83,5.45,dongyangHome
172,12-11 21:04:43,30.85,16763.0,41.0,1028.85,5.45,dongyangHome
173,12-11 21:04:48,30.85,16656.0,41.0,1028.85,5.45,dongyangHome
174,12-11 21:04:53,30.85,16643.0,41.0,1028.85,5.45,dongyangHome
175,12-11 21:04:58,30.85,16763.0,41.0,1028.83,5.45,dongyangHome
176,12-11 21:05:04,30.85,16803.0,41.0,1028.85,5.45,dongyangHome
177,12-11 21:05:09,30.85,16643.0,41.0,1028.83,5.45,dongyangHome
178,12-11 21:05:14,30.85,16723.0,41.0,1028.83,5.45,dongyangHome
179,12-11 21:05:19,30.85,16763.0,41.0,1028.83,5.45,dongyangHome
180,12-11 21:05:24,30.85,16763.0,41.0,1028.83,5.45,dongyangHome
181,12-11 21:05:29,30.85,16656.0,41.0,1028.83,5.45,dongyangHome
182,12-11 21:05:34,30.85,16776.0,41.0,1028.85,5.45,dongyangHome
183,12-11 21:05:39,30.85,16683.0,41.0,1028.85,5.45,dongyangHome
184,12-11 21:05:44,30.85,16643.0,41.0,1028.83,5.45,dongyangHome
185,12-11 21:05:49,30.85,16551.0,41.0,1028.85,5.45,dongyangHome
186,12-11 21:05:54,30.86,16669.0,41.0,1028.85,5.45,dongyangHome
187,12-11 21:05:59,30.85,16669.0,41.0,1028.85,5.45,dongyangHome
188,12-11 21:06:05,30.86,16912.0,41.0,1028.83,5.45,dongyangHome
189,12-11 21:06:10,30.86,16844.0,41.0,1028.83,5.45,dongyangHome
190,12-11 21:06:15,30.86,16736.0,41.0,1028.87,5.45,dongyangHome
191,12-11 21:06:20,30.86,16696.0,41.0,1028.87,5.45,dongyangHome
192,12-11 21:06:25,30.86,16709.0,41.0,1028.85,5.45,dongyangHome
193,12-11 21:06:30,30.86,16683.0,41.0,1028.85,5.45,dongyangHome
194,12-11 21:06:35,30.86,16803.0,41.0,1028.85,5.45,dongyangHome
195,12-11 21:06:41,30.86,16736.0,41.0,1028.85,5.45,dongyangHome
196,12-11 21:06:45,30.87,16857.0,41.0,1028.85,5.45,dongyangHome
197,12-11 21:06:51,30.87,16817.0,41.0,1028.83,5.45,dongyangHome
198,12-11 21:06:56,30.87,16630.0,41.0,1028.83,5.45,dongyangHome
199,12-11 21:07:01,30.87,16696.0,41.0,1028.85,5.45,dongyangHome
200,12-11 21:07:06,30.87,16736.0,41.0,1028.83,5.45,dongyangHome
201,12-11 21:07:11,30.88,16790.0,41.0,1028.83,5.45,dongyangHome
202,12-11 21:07:16,30.88,16696.0,41.0,1028.85,5.45,dongyangHome
203,12-11 21:07:21,30.88,16656.0,41.0,1028.8,5.45,dongyangHome
204,12-11 21:07:26,30.88,16709.0,41.0,1028.8,5.45,dongyangHome
205,12-11 21:07:32,30.88,16790.0,41.0,1028.8,5.45,dongyangHome
206,12-11 21:07:36,30.88,16763.0,41.0,1028.83,5.45,dongyangHome
207,12-11 21:07:41,30.88,16817.0,41.0,1028.83,5.45,dongyangHome
208,12-11 21:07:47,30.89,16776.0,41.0,1028.85,5.45,dongyangHome
209,12-11 21:07:52,30.89,16683.0,41.0,1028.83,5.45,dongyangHome
210,12-11 21:07:57,30.89,16603.0,41.0,1028.83,5.45,dongyangHome
211,12-11 21:08:02,30.89,16723.0,41.0,1028.8,5.45,dongyangHome
212,12-11 21:08:07,30.89,16630.0,41.0,1028.83,5.45,dongyangHome
213,12-11 21:08:12,30.89,16817.0,41.0,1028.8,5.45,dongyangHome
214,12-11 21:08:17,30.9,16776.0,41.0,1028.8,5.45,dongyangHome
215,12-11 21:08:22,30.9,16790.0,41.0,1028.8,5.45,dongyangHome
216,12-11 21:08:28,30.89,16857.0,41.0,1028.8,5.45,dongyangHome
217,12-11 21:08:33,30.9,16885.0,41.0,1028.87,5.45,dongyangHome
218,12-11 21:08:38,30.9,16709.0,41.0,1028.8,5.45,dongyangHome
219,12-11 21:08:43,30.9,16709.0,41.0,1028.87,5.45,dongyangHome
220,12-11 21:08:48,30.91,16656.0,41.0,1028.85,5.45,dongyangHome
221,12-11 21:08:53,30.91,16736.0,41.0,1028.87,5.45,dongyangHome
222,12-11 21:08:58,30.91,16696.0,41.0,1028.87,5.45,dongyangHome
223,12-11 21:09:03,30.91,16790.0,41.0,1028.87,5.45,dongyangHome
224,12-11 21:09:08,30.91,16603.0,41.0,1028.87,5.45,dongyangHome
225,12-11 21:09:13,30.91,16617.0,41.0,1028.87,5.45,dongyangHome
226,12-11 21:09:19,30.91,16790.0,41.0,1028.85,5.45,dongyangHome
227,12-11 21:09:24,30.92,16656.0,41.0,1028.85,5.45,dongyangHome
228,12-11 21:09:29,30.92,16723.0,41.0,1028.85,5.45,dongyangHome
229,12-11 21:09:34,30.92,16763.0,41.0,1028.85,5.45,dongyangHome
230,12-11 21:09:39,30.92,16736.0,41.0,1028.89,5.45,dongyangHome
231,12-11 21:09:44,30.92,16630.0,41.0,1028.87,5.45,dongyangHome
232,12-11 21:09:49,30.92,16763.0,41.0,1028.85,5.45,dongyangHome
233,12-11 21:09:54,30.92,16790.0,41.0,1028.87,5.45,dongyangHome
234,12-11 21:09:59,30.92,16723.0,41.0,1028.87,5.45,dongyangHome
235,12-11 21:10:04,30.92,16776.0,41.0,1028.87,5.45,dongyangHome
236,12-11 21:10:09,30.93,16617.0,41.0,1028.87,5.45,dongyangHome
237,12-11 21:10:14,30.93,16817.0,41.0,1028.89,5.45,dongyangHome
238,12-11 21:10:20,30.93,16857.0,41.0,1028.87,5.45,dongyangHome
239,12-11 21:10:25,30.93,16790.0,41.0,1028.85,5.45,dongyangHome
240,12-11 21:10:30,30.93,16844.0,41.0,1028.87,5.45,dongyangHome
241,12-11 21:10:35,30.94,16736.0,41.0,1028.85,5.45,dongyangHome
242,12-11 21:10:40,30.93,16709.0,41.0,1028.89,5.45,dongyangHome
243,12-11 21:10:45,30.94,16750.0,41.0,1028.87,5.45,dongyangHome
244,12-11 21:10:50,30.94,16790.0,41.0,1028.85,5.45,dongyangHome
245,12-11 21:10:55,30.94,16803.0,41.0,1028.85,5.45,dongyangHome
246,12-11 21:11:00,30.94,16736.0,41.0,1028.87,5.45,dongyangHome
247,12-11 21:11:06,30.94,16803.0,41.0,1028.87,5.45,dongyangHome
248,12-11 21:11:11,30.95,16736.0,41.0,1028.87,5.45,dongyangHome
249,12-11 21:11:16,30.95,16912.0,41.0,1028.85,5.45,dongyangHome
250,12-11 21:11:21,30.95,16830.0,41.0,1028.85,5.45,dongyangHome
251,12-11 21:11:26,30.95,16803.0,41.0,1028.83,5.45,dongyangHome
252,12-11 21:11:31,30.95,16898.0,41.0,1028.85,5.45,dongyangHome
253,12-11 21:11:36,30.95,16817.0,41.0,1028.85,5.45,dongyangHome
254,12-11 21:11:41,30.96,16912.0,41.0,1028.85,5.45,dongyangHome
255,12-11 21:11:47,30.95,16857.0,41.0,1028.83,5.45,dongyangHome
256,12-11 21:11:52,30.96,16898.0,41.0,1028.83,5.45,dongyangHome
257,12-11 21:11:57,30.96,16790.0,41.0,1028.85,5.45,dongyangHome
258,12-11 21:12:02,30.96,16763.0,41.0,1028.83,5.45,dongyangHome
259,12-11 21:12:07,30.96,16750.0,41.0,1028.85,5.45,dongyangHome
260,12-11 21:12:12,30.96,16871.0,41.0,1028.85,5.45,dongyangHome
261,12-11 21:12:17,30.96,16723.0,41.0,1028.85,5.45,dongyangHome
262,12-11 21:12:22,30.96,16871.0,41.0,1028.83,5.45,dongyangHome
263,12-11 21:12:27,30.96,16669.0,41.0,1028.85,5.45,dongyangHome
264,12-11 21:12:32,30.97,16736.0,41.0,1028.85,5.45,dongyangHome
265,12-11 21:12:37,30.97,16885.0,41.0,1028.83,5.45,dongyangHome
266,12-11 21:12:43,30.97,16696.0,41.0,1028.83,5.45,dongyangHome
267,12-11 21:12:47,30.97,16926.0,41.0,1028.83,5.45,dongyangHome
268,12-11 21:12:53,30.97,16763.0,41.0,1028.85,5.45,dongyangHome
269,12-11 21:12:58,30.97,16709.0,41.0,1028.83,5.45,dongyangHome
270,12-11 21:13:03,30.98,16885.0,41.0,1028.83,5.45,dongyangHome
271,12-11 21:13:08,30.98,16871.0,41.0,1028.83,5.45,dongyangHome
272,12-11 21:13:13,30.98,16871.0,41.0,1028.83,5.45,dongyangHome
273,12-11 21:13:18,30.98,16736.0,41.0,1028.85,5.45,dongyangHome
274,12-11 21:13:23,30.98,16898.0,41.0,1028.83,5.45,dongyangHome
275,12-11 21:13:28,30.98,16723.0,41.0,1028.83,5.45,dongyangHome
276,12-11 21:13:34,30.98,16980.0,41.0,1028.85,5.31,dongyangHome
277,12-11 21:13:38,30.98,16736.0,41.0,1028.85,5.31,dongyangHome
278,12-11 21:13:44,30.98,16763.0,41.0,1028.87,5.31,dongyangHome
279,12-11 21:13:49,30.98,16709.0,41.0,1028.83,5.31,dongyangHome
280,12-11 21:13:54,30.99,16763.0,41.0,1028.85,5.31,dongyangHome
281,12-11 21:14:00,30.99,16898.0,41.0,1028.85,5.31,dongyangHome
282,12-11 21:14:04,30.99,16885.0,41.0,1028.87,5.31,dongyangHome
283,12-11 21:14:09,30.99,16736.0,41.0,1028.85,5.31,dongyangHome
284,12-11 21:14:14,30.99,16857.0,41.0,1028.85,5.31,dongyangHome
285,12-11 21:14:19,30.99,16776.0,41.0,1028.87,5.31,dongyangHome
286,12-11 21:14:25,30.99,16912.0,41.0,1028.83,5.31,dongyangHome
287,12-11 21:14:29,31.0,16912.0,41.0,1028.83,5.31,dongyangHome
288,12-11 21:14:35,31.0,16898.0,41.0,1028.87,5.31,dongyangHome
289,12-11 21:14:40,31.0,16763.0,41.0,1028.85,5.31,dongyangHome
290,12-11 21:14:45,31.0,16790.0,41.0,1028.83,5.31,dongyangHome
291,12-11 21:14:50,30.99,16871.0,41.0,1028.83,5.31,dongyangHome
292,12-11 21:14:55,31.0,16953.0,41.0,1028.83,5.31,dongyangHome
293,12-11 21:15:00,31.0,16790.0,41.0,1028.83,5.31,dongyangHome
294,12-11 21:15:06,31.0,16885.0,41.0,1028.83,5.31,dongyangHome
295,12-11 21:15:10,31.0,16763.0,41.0,1028.85,5.31,dongyangHome
296,12-11 21:15:16,31.01,16803.0,41.0,1028.85,5.31,dongyangHome
297,12-11 21:15:21,31.01,16857.0,41.0,1028.8,5.31,dongyangHome
298,12-11 21:15:26,31.01,16790.0,41.0,1028.8,5.31,dongyangHome
299,12-11 21:15:31,31.01,16912.0,41.0,1028.83,5.31,dongyangHome
300,12-11 21:15:36,31.01,16723.0,41.0,1028.83,5.31,dongyangHome
301,12-11 21:15:41,31.01,16857.0,41.0,1028.8,5.31,dongyangHome
302,12-11 21:15:46,31.01,16885.0,41.0,1028.8,5.31,dongyangHome
303,12-11 21:15:52,31.01,16926.0,41.0,1028.8,5.31,dongyangHome
304,12-11 21:15:56,31.02,16803.0,41.0,1028.8,5.31,dongyangHome
305,12-11 21:16:02,31.01,16912.0,41.0,1028.8,5.31,dongyangHome
306,12-11 21:16:07,31.02,16939.0,41.0,1028.8,5.31,dongyangHome
307,12-11 21:16:12,31.02,16912.0,41.0,1028.8,5.31,dongyangHome
308,12-11 21:16:17,31.01,16926.0,41.0,1028.8,5.31,dongyangHome
309,12-11 21:16:22,31.02,16790.0,41.0,1028.78,5.31,dongyangHome
310,12-11 21:16:27,31.03,16696.0,41.0,1028.8,5.31,dongyangHome
311,12-11 21:16:32,31.02,16790.0,41.0,1028.78,5.31,dongyangHome
312,12-11 21:16:37,31.03,16967.0,41.0,1028.8,5.31,dongyangHome
313,12-11 21:16:42,31.03,16898.0,41.0,1028.8,5.31,dongyangHome
314,12-11 21:16:48,31.03,16898.0,41.0,1028.8,5.31,dongyangHome
315,12-11 21:16:53,31.03,16912.0,41.0,1028.8,5.31,dongyangHome
316,12-11 21:16:58,31.03,16912.0,41.0,1028.8,5.31,dongyangHome
317,12-11 21:17:03,31.03,16885.0,41.0,1028.8,5.31,dongyangHome
318,12-11 21:17:08,31.03,16736.0,41.0,1028.8,5.31,dongyangHome
319,12-11 21:17:13,31.03,16776.0,41.0,1028.78,5.31,dongyangHome
320,12-11 21:17:18,31.04,16696.0,41.0,1028.8,5.31,dongyangHome
321,12-11 21:17:23,31.04,16871.0,41.0,1028.78,5.31,dongyangHome
322,12-11 21:17:28,31.04,16790.0,41.0,1028.8,5.31,dongyangHome
323,12-11 21:17:33,31.04,16696.0,41.0,1028.8,5.31,dongyangHome
324,12-11 21:17:38,31.04,16709.0,41.0,1028.78,5.31,dongyangHome
325,12-11 21:17:44,31.04,16776.0,41.0,1028.78,5.31,dongyangHome
326,12-11 21:17:49,31.04,16871.0,41.0,1028.78,5.31,dongyangHome
327,12-11 21:17:54,31.04,16871.0,41.0,1028.78,5.31,dongyangHome
328,12-11 21:17:59,31.05,16857.0,41.0,1028.8,5.31,dongyangHome
329,12-11 21:18:04,31.04,16709.0,41.0,1028.8,5.31,dongyangHome
330,12-11 21:18:09,31.04,16885.0,41.0,1028.8,5.31,dongyangHome
331,12-11 21:18:14,31.05,16939.0,41.0,1028.8,5.31,dongyangHome
332,12-11 21:18:20,31.05,16898.0,41.0,1028.8,5.31,dongyangHome
333,12-11 21:18:25,31.05,16709.0,41.0,1028.8,5.31,dongyangHome
334,12-11 21:18:29,31.05,16912.0,41.0,1028.8,5.31,dongyangHome
335,12-11 21:18:35,31.06,16939.0,41.0,1028.78,5.25,dongyangHome
336,12-11 21:18:40,31.06,16844.0,41.0,1028.78,5.25,dongyangHome
337,12-11 21:18:45,31.06,16926.0,41.0,1028.78,5.25,dongyangHome
338,12-11 21:18:51,31.06,17036.0,41.0,1028.78,5.25,dongyangHome
339,12-11 21:18:55,31.06,16790.0,41.0,1028.83,5.25,dongyangHome
340,12-11 21:19:00,31.06,16926.0,41.0,1028.8,5.25,dongyangHome
341,12-11 21:19:05,31.07,16953.0,41.0,1028.8,5.25,dongyangHome
342,12-11 21:19:10,31.07,16912.0,41.0,1028.8,5.25,dongyangHome
343,12-11 21:19:15,31.07,16980.0,41.0,1028.83,5.25,dongyangHome
344,12-11 21:19:21,31.07,16980.0,41.0,1028.83,5.25,dongyangHome
345,12-11 21:19:26,31.07,16750.0,41.0,1028.8,5.25,dongyangHome
346,12-11 21:19:31,31.08,16994.0,41.0,1028.8,5.25,dongyangHome
347,12-11 21:19:36,31.07,16980.0,41.0,1028.8,5.25,dongyangHome
348,12-11 21:19:41,31.08,16980.0,41.0,1028.8,5.25,dongyangHome
349,12-11 21:19:46,31.08,16939.0,41.0,1028.83,5.25,dongyangHome
350,12-11 21:19:51,31.08,16939.0,41.0,1028.85,5.25,dongyangHome
351,12-11 21:19:56,31.08,16980.0,41.0,1028.85,5.25,dongyangHome
352,12-11 21:20:01,31.09,16926.0,41.0,1028.8,5.25,dongyangHome
353,12-11 21:20:06,31.09,16885.0,41.0,1028.83,5.25,dongyangHome
354,12-11 21:20:11,31.09,16953.0,41.0,1028.83,5.25,dongyangHome
355,12-11 21:20:16,31.08,16898.0,41.0,1028.85,5.25,dongyangHome
356,12-11 21:20:21,31.09,16871.0,41.0,1028.85,5.25,dongyangHome
357,12-11 21:20:27,31.09,16817.0,41.0,1028.83,5.25,dongyangHome
358,12-11 21:20:32,31.09,16953.0,41.0,1028.83,5.25,dongyangHome
359,12-11 21:20:37,31.09,16776.0,41.0,1028.83,5.25,dongyangHome
360,12-11 21:20:42,31.09,16926.0,41.0,1028.83,5.25,dongyangHome
361,12-11 21:20:47,31.09,16967.0,41.0,1028.83,5.25,dongyangHome
362,12-11 21:20:52,31.1,16912.0,41.0,1028.83,5.25,dongyangHome
363,12-11 21:20:58,31.1,16939.0,41.0,1028.85,5.25,dongyangHome
364,12-11 21:21:03,31.11,16939.0,41.0,1028.85,5.25,dongyangHome
365,12-11 21:21:07,31.11,16912.0,41.0,1028.85,5.25,dongyangHome
366,12-11 21:21:13,31.1,16590.0,41.0,1028.83,5.25,dongyangHome
367,12-11 21:21:18,31.1,16617.0,41.0,1028.85,5.25,dongyangHome
368,12-11 21:21:23,31.11,16603.0,41.0,1028.85,5.25,dongyangHome
369,12-11 21:21:28,31.11,16669.0,41.0,1028.85,5.25,dongyangHome
370,12-11 21:21:33,31.12,16736.0,41.0,1028.85,5.25,dongyangHome
371,12-11 21:21:38,31.12,16696.0,41.0,1028.85,5.25,dongyangHome
372,12-11 21:21:43,31.12,16709.0,41.0,1028.85,5.25,dongyangHome
373,12-11 21:21:48,31.12,16776.0,41.0,1028.85,5.25,dongyangHome
374,12-11 21:21:54,31.12,16736.0,41.0,1028.83,5.25,dongyangHome
375,12-11 21:21:58,31.12,16750.0,41.0,1028.83,5.25,dongyangHome
376,12-11 21:22:04,31.13,16790.0,41.0,1028.83,5.25,dongyangHome
377,12-11 21:22:09,31.12,16790.0,41.0,1028.8,5.25,dongyangHome
378,12-11 21:22:14,31.13,16803.0,41.0,1028.8,5.25,dongyangHome
379,12-11 21:22:19,31.13,16736.0,41.0,1028.85,5.25,dongyangHome
380,12-11 21:22:24,31.13,16590.0,41.0,1028.83,5.25,dongyangHome
381,12-11 21:22:29,31.13,16736.0,41.0,1028.85,5.25,dongyangHome
382,12-11 21:22:34,31.13,16617.0,41.0,1028.83,5.25,dongyangHome
383,12-11 21:22:40,31.13,16723.0,41.0,1028.8,5.25,dongyangHome
384,12-11 21:22:44,31.13,16617.0,41.0,1028.83,5.25,dongyangHome
385,12-11 21:22:50,31.14,16736.0,41.0,1028.83,5.25,dongyangHome
386,12-11 21:22:55,31.14,16709.0,41.0,1028.8,5.25,dongyangHome
387,12-11 21:23:00,31.14,16696.0,41.0,1028.8,5.25,dongyangHome
388,12-11 21:23:05,31.14,16830.0,41.0,1028.8,5.25,dongyangHome
389,12-11 21:23:10,31.15,16669.0,41.0,1028.85,5.25,dongyangHome
390,12-11 21:23:15,31.14,16590.0,41.0,1028.83,5.25,dongyangHome
391,12-11 21:23:20,31.15,16656.0,41.0,1028.8,5.25,dongyangHome
392,12-11 21:23:25,31.15,16669.0,41.0,1028.85,5.25,dongyangHome
393,12-11 21:23:30,31.15,15789.0,41.0,1028.83,5.25,dongyangHome
394,12-11 21:23:36,31.15,16192.0,41.0,1028.83,5.25,dongyangHome
395,12-11 21:23:40,31.15,16447.0,41.0,1028.83,5.25,dongyangHome
396,12-11 21:23:46,31.16,16486.0,41.0,1028.8,5.25,dongyangHome
397,12-11 21:23:51,31.16,16551.0,41.0,1028.8,5.25,dongyangHome
398,12-11 21:23:56,31.16,16538.0,41.0,1028.8,5.25,dongyangHome
399,12-11 21:24:01,31.16,16473.0,41.0,1028.8,5.25,dongyangHome
400,12-11 21:24:06,31.16,16590.0,41.0,1028.8,5.25,dongyangHome
401,12-11 21:24:11,31.16,16525.0,41.0,1028.8,5.25,dongyangHome
402,12-11 21:24:16,31.16,16551.0,41.0,1028.8,5.25,dongyangHome
403,12-11 21:24:21,31.16,16577.0,41.0,1028.8,5.25,dongyangHome
404,12-11 21:24:27,31.17,16525.0,41.0,1028.83,5.25,dongyangHome
405,12-11 21:24:32,31.17,16395.0,41.0,1028.83,5.25,dongyangHome
406,12-11 21:24:37,31.17,16486.0,41.0,1028.83,5.25,dongyangHome
407,12-11 21:24:42,31.17,16551.0,41.0,1028.83,5.25,dongyangHome
408,12-11 21:24:47,31.18,16460.0,41.0,1028.83,5.25,dongyangHome
409,12-11 21:24:52,31.18,16344.0,41.0,1028.8,5.25,dongyangHome
410,12-11 21:24:57,31.18,16395.0,41.0,1028.8,5.25,dongyangHome
411,12-11 21:25:02,31.18,16473.0,41.0,1028.8,5.25,dongyangHome
412,12-11 21:25:07,31.18,16408.0,41.0,1028.8,5.25,dongyangHome
413,12-11 21:25:12,31.19,16460.0,41.0,1028.85,5.25,dongyangHome
414,12-11 21:25:18,31.19,16590.0,41.0,1028.8,5.25,dongyangHome
415,12-11 21:25:23,31.19,16408.0,41.0,1028.83,5.25,dongyangHome
416,12-11 21:25:28,31.19,16434.0,41.0,1028.83,5.25,dongyangHome
417,12-11 21:25:33,31.19,16395.0,41.0,1028.83,5.25,dongyangHome
418,12-11 21:25:38,31.2,16460.0,41.0,1028.8,5.25,dongyangHome
419,12-11 21:25:43,31.2,16344.0,41.0,1028.8,5.25,dongyangHome
420,12-11 21:25:48,31.2,16319.0,41.0,1028.8,5.25,dongyangHome
421,12-11 21:25:53,31.2,16486.0,41.0,1028.8,5.25,dongyangHome
422,12-11 21:25:58,31.2,14682.0,41.0,1028.8,5.25,dongyangHome
423,12-11 21:26:03,31.21,15238.0,41.0,1028.8,5.25,dongyangHome
424,12-11 21:26:08,31.21,15934.0,41.0,1028.85,5.25,dongyangHome
425,12-11 21:26:14,31.21,16293.0,41.0,1028.85,5.25,dongyangHome
426,12-11 21:26:19,31.21,16192.0,41.0,1028.85,5.25,dongyangHome
427,12-11 21:26:24,31.21,16293.0,41.0,1028.85,5.25,dongyangHome
428,12-11 21:26:29,31.22,16306.0,41.0,1028.85,5.25,dongyangHome
429,12-11 21:26:34,31.22,16268.0,41.0,1028.85,5.25,dongyangHome
430,12-11 21:26:39,31.22,16281.0,41.0,1028.83,5.25,dongyangHome
431,12-11 21:26:44,31.22,16293.0,41.0,1028.87,5.25,dongyangHome
432,12-11 21:26:49,31.22,16293.0,41.0,1028.85,5.25,dongyangHome
433,12-11 21:26:54,31.23,16306.0,41.0,1028.85,5.25,dongyangHome
434,12-11 21:27:00,31.23,16319.0,41.0,1028.85,5.25,dongyangHome
435,12-11 21:27:05,31.24,16306.0,41.0,1028.85,5.25,dongyangHome
436,12-11 21:27:10,31.24,16167.0,41.0,1028.85,5.25,dongyangHome
437,12-11 21:27:15,31.24,16293.0,41.0,1028.83,5.25,dongyangHome
438,12-11 21:27:20,31.24,16370.0,41.0,1028.83,5.25,dongyangHome
439,12-11 21:27:25,31.24,16408.0,41.0,1028.83,5.25,dongyangHome
440,12-11 21:27:30,31.25,16370.0,41.0,1028.8,5.25,dongyangHome
441,12-11 21:27:35,31.25,16306.0,41.0,1028.83,5.25,dongyangHome
442,12-11 21:27:40,31.25,16293.0,41.0,1028.85,5.25,dongyangHome
443,12-11 21:27:46,31.25,16180.0,41.0,1028.85,5.25,dongyangHome
444,12-11 21:27:51,31.25,16105.0,41.0,1028.83,5.25,dongyangHome
445,12-11 21:27:56,31.26,16180.0,41.0,1028.83,5.25,dongyangHome
446,12-11 21:28:01,31.26,16205.0,41.0,1028.83,5.25,dongyangHome
447,12-11 21:28:06,31.26,16192.0,41.0,1028.83,5.25,dongyangHome
448,12-11 21:28:11,31.26,16192.0,41.0,1028.83,5.25,dongyangHome
449,12-11 21:28:16,31.27,16255.0,41.0,1028.83,5.25,dongyangHome
450,12-11 21:28:21,31.27,16180.0,41.0,1028.8,5.25,dongyangHome
451,12-11 21:28:26,31.27,16118.0,41.0,1028.83,5.25,dongyangHome
452,12-11 21:28:31,31.28,16093.0,41.0,1028.83,5.25,dongyangHome
453,12-11 21:28:36,31.27,16230.0,41.0,1028.83,5.25,dongyangHome
454,12-11 21:28:41,31.28,16143.0,41.0,1028.83,5.25,dongyangHome
455,12-11 21:28:46,31.28,16044.0,41.0,1028.8,5.25,dongyangHome
456,12-11 21:28:51,31.28,16268.0,41.0,1028.83,5.25,dongyangHome
457,12-11 21:28:56,31.28,16031.0,41.0,1028.8,5.25,dongyangHome
458,12-11 21:29:02,31.29,16044.0,41.0,1028.8,5.25,dongyangHome
459,12-11 21:29:07,31.29,16118.0,41.0,1028.83,5.25,dongyangHome
460,12-11 21:29:12,31.29,16019.0,41.0,1028.83,5.25,dongyangHome
461,12-11 21:29:17,31.29,16031.0,41.0,1028.85,5.25,dongyangHome
462,12-11 21:29:22,31.3,16105.0,41.0,1028.83,5.25,dongyangHome
463,12-11 21:29:27,31.3,15982.0,41.0,1028.8,5.25,dongyangHome
464,12-11 21:29:32,31.3,16019.0,41.0,1028.8,5.25,dongyangHome
465,12-11 21:29:37,31.3,16118.0,41.0,1028.8,5.25,dongyangHome
466,12-11 21:29:43,31.31,15995.0,41.0,1028.8,5.25,dongyangHome
467,12-11 21:29:48,31.31,15982.0,41.0,1028.8,5.25,dongyangHome
468,12-11 21:29:53,31.31,16031.0,41.0,1028.8,5.25,dongyangHome
469,12-11 21:29:58,31.31,16130.0,41.0,1028.8,5.25,dongyangHome
470,12-11 21:30:03,31.32,16143.0,41.0,1028.8,5.25,dongyangHome
471,12-11 21:30:09,31.32,16007.0,41.0,1028.8,5.25,dongyangHome
472,12-11 21:30:13,31.32,16093.0,41.0,1028.78,5.25,dongyangHome
473,12-11 21:30:18,31.32,16044.0,41.0,1028.8,5.25,dongyangHome
474,12-11 21:30:23,31.33,16019.0,41.0,1028.8,5.25,dongyangHome
475,12-11 21:30:28,31.33,15660.0,41.0,1028.8,5.25,dongyangHome
476,12-11 21:30:34,31.33,15766.0,41.0,1028.8,5.25,dongyangHome
477,12-11 21:30:39,31.33,15934.0,41.0,1028.78,5.25,dongyangHome
478,12-11 21:30:44,31.34,16031.0,41.0,1028.8,5.25,dongyangHome
479,12-11 21:30:49,31.34,15946.0,41.0,1028.78,5.25,dongyangHome
480,12-11 21:30:54,31.34,15970.0,41.0,1028.78,5.25,dongyangHome
481,12-11 21:31:00,31.35,15982.0,41.0,1028.76,5.25,dongyangHome
482,12-11 21:31:04,31.34,15813.0,41.0,1028.78,5.25,dongyangHome
483,12-11 21:31:14,31.35,15909.0,41.0,1028.8,5.25,dongyangHome
484,12-11 21:31:15,31.36,15922.0,41.0,1028.8,5.25,dongyangHome
485,12-11 21:31:20,31.36,15946.0,41.0,1028.8,5.25,dongyangHome
486,12-11 21:31:25,31.36,15909.0,41.0,1028.8,5.25,dongyangHome
487,12-11 21:31:30,31.36,15861.0,41.0,1028.8,5.25,dongyangHome
488,12-11 21:31:35,31.36,15885.0,41.0,1028.78,5.25,dongyangHome
489,12-11 21:31:40,31.37,15909.0,41.0,1028.78,5.25,dongyangHome
490,12-11 21:31:45,31.37,15946.0,41.0,1028.8,5.25,dongyangHome
491,12-11 21:31:50,31.37,15849.0,41.0,1028.8,5.25,dongyangHome
492,12-11 21:31:55,31.38,15825.0,41.0,1028.8,5.25,dongyangHome
493,12-11 21:32:00,31.38,15849.0,41.0,1028.8,5.25,dongyangHome
494,12-11 21:32:05,31.38,15897.0,41.0,1028.8,5.25,dongyangHome
495,12-11 21:32:11,31.38,15861.0,41.0,1028.8,5.25,dongyangHome
496,12-11 21:32:16,31.39,14340.0,41.0,1028.8,5.25,dongyangHome
497,12-11 21:32:21,31.39,14775.0,41.0,1028.8,5.25,dongyangHome
498,12-11 21:32:26,31.39,15417.0,41.0,1028.8,5.25,dongyangHome
499,12-11 21:32:31,31.4,15601.0,41.0,1028.8,5.25,dongyangHome
500,12-11 21:32:36,31.4,15566.0,41.0,1028.78,5.25,dongyangHome
501,12-11 21:32:41,31.41,15718.0,41.0,1028.78,5.25,dongyangHome
502,12-11 21:32:46,31.41,15660.0,41.0,1028.78,5.25,dongyangHome
503,12-11 21:32:51,31.41,15707.0,41.0,1028.8,5.25,dongyangHome
504,12-11 21:32:56,31.42,15825.0,41.0,1028.8,5.25,dongyangHome
505,12-11 21:33:01,31.42,15754.0,41.0,1028.78,5.25,dongyangHome
506,12-11 21:33:07,31.42,15730.0,41.0,1028.78,5.25,dongyangHome
507,12-11 21:33:12,31.42,15730.0,41.0,1028.78,5.25,dongyangHome
508,12-11 21:33:17,31.43,15707.0,41.0,1028.8,5.25,dongyangHome
509,12-11 21:33:22,31.43,15707.0,41.0,1028.8,5.25,dongyangHome
510,12-11 21:33:27,31.44,15742.0,41.0,1028.78,5.25,dongyangHome
511,12-11 21:33:32,31.44,15825.0,41.0,1028.78,5.25,dongyangHome
512,12-11 21:33:37,31.45,15813.0,41.0,1028.78,5.25,dongyangHome
513,12-11 21:33:42,31.45,15683.0,41.0,1028.78,5.25,dongyangHome
514,12-11 21:33:47,31.45,15754.0,41.0,1028.76,5.25,dongyangHome
515,12-11 21:33:52,31.46,15730.0,41.0,1028.8,5.25,dongyangHome
516,12-11 21:33:58,31.46,15707.0,41.0,1028.8,5.25,dongyangHome
517,12-11 21:34:03,31.46,15742.0,41.0,1028.78,5.25,dongyangHome
518,12-11 21:34:08,31.46,15695.0,41.0,1028.78,5.25,dongyangHome
519,12-11 21:34:13,31.47,15730.0,41.0,1028.8,5.25,dongyangHome
520,12-11 21:34:18,31.48,15671.0,41.0,1028.78,5.25,dongyangHome
521,12-11 21:34:23,31.48,15742.0,41.0,1028.78,5.25,dongyangHome
522,12-11 21:34:28,31.49,15671.0,41.0,1028.78,5.25,dongyangHome
523,12-11 21:34:33,31.49,15671.0,41.0,1028.78,5.25,dongyangHome
524,12-11 21:34:39,31.49,15825.0,41.0,1028.78,5.25,dongyangHome
525,12-11 21:34:43,31.5,15742.0,41.0,1028.78,5.25,dongyangHome
526,12-11 21:34:49,31.5,15660.0,41.0,1028.78,5.25,dongyangHome
527,12-11 21:34:54,31.51,15625.0,41.0,1028.78,5.25,dongyangHome
528,12-11 21:34:59,31.51,15660.0,41.0,1028.76,5.25,dongyangHome
529,12-11 21:35:04,31.51,15825.0,41.0,1028.8,5.25,dongyangHome
530,12-11 21:35:09,31.52,15520.0,41.0,1028.8,5.25,dongyangHome
531,12-11 21:35:14,31.52,15742.0,41.0,1028.8,5.25,dongyangHome
532,12-11 21:35:19,31.53,15718.0,41.0,1028.78,5.25,dongyangHome
533,12-11 21:35:24,31.53,15825.0,41.0,1028.8,5.25,dongyangHome
534,12-11 21:35:29,31.53,15801.0,41.0,1028.78,5.25,dongyangHome
535,12-11 21:35:35,31.54,15742.0,41.0,1028.8,5.25,dongyangHome
536,12-11 21:35:40,31.54,15718.0,41.0,1028.8,5.25,dongyangHome
537,12-11 21:35:45,31.55,15766.0,41.0,1028.76,5.25,dongyangHome
538,12-11 21:35:50,31.55,15766.0,41.0,1028.76,5.25,dongyangHome
539,12-11 21:35:55,31.56,15695.0,41.0,1028.8,5.25,dongyangHome
540,12-11 21:36:00,31.56,15683.0,41.0,1028.76,5.25,dongyangHome
541,12-11 21:36:05,31.56,15636.0,41.0,1028.76,5.25,dongyangHome
542,12-11 21:36:10,31.57,15707.0,41.0,1028.76,5.25,dongyangHome
543,12-11 21:36:15,31.57,15718.0,41.0,1028.73,5.25,dongyangHome
544,12-11 21:36:20,31.58,15601.0,41.0,1028.76,5.25,dongyangHome
545,12-11 21:36:26,31.58,15837.0,41.0,1028.78,5.25,dongyangHome
546,12-11 21:36:31,31.58,15636.0,41.0,1028.76,5.25,dongyangHome
547,12-11 21:36:36,31.58,15601.0,41.0,1028.76,5.25,dongyangHome
548,12-11 21:36:41,31.59,15695.0,41.0,1028.76,5.25,dongyangHome
549,12-11 21:36:46,31.59,15555.0,41.0,1028.73,5.25,dongyangHome
550,12-11 21:36:51,31.59,15683.0,41.0,1028.78,5.25,dongyangHome
551,12-11 21:36:56,31.6,15601.0,41.0,1028.76,5.25,dongyangHome
552,12-11 21:37:01,31.6,15695.0,41.0,1028.76,5.25,dongyangHome
553,12-11 21:37:07,31.6,15578.0,41.0,1028.73,5.25,dongyangHome
554,12-11 21:37:12,31.61,15601.0,41.0,1028.76,5.25,dongyangHome
555,12-11 21:37:17,31.61,15707.0,41.0,1028.73,5.25,dongyangHome
556,12-11 21:37:22,31.61,15636.0,41.0,1028.76,5.25,dongyangHome
557,12-11 21:37:27,31.62,15532.0,41.0,1028.76,5.25,dongyangHome
558,12-11 21:37:32,31.62,15601.0,41.0,1028.76,5.25,dongyangHome
559,12-11 21:37:37,31.62,15648.0,41.0,1028.73,5.25,dongyangHome
560,12-11 21:37:42,31.63,15578.0,41.0,1028.73,5.25,dongyangHome
561,12-11 21:37:47,31.63,15509.0,41.0,1028.73,5.25,dongyangHome
562,12-11 21:37:52,31.63,15543.0,41.0,1028.73,5.25,dongyangHome
563,12-11 21:37:58,31.63,15578.0,41.0,1028.76,5.25,dongyangHome
564,12-11 21:38:03,31.64,15625.0,41.0,1028.76,5.25,dongyangHome
565,12-11 21:38:08,31.64,15613.0,41.0,1028.76,5.25,dongyangHome
566,12-11 21:38:13,31.64,15707.0,41.0,1028.73,5.25,dongyangHome
567,12-11 21:38:18,31.65,15555.0,41.0,1028.73,5.25,dongyangHome
568,12-11 21:38:23,31.65,15590.0,41.0,1028.73,5.25,dongyangHome
569,12-11 21:38:28,31.65,15613.0,41.0,1028.72,5.25,dongyangHome
570,12-11 21:38:33,31.65,15555.0,41.0,1028.73,5.25,dongyangHome
571,12-11 21:38:38,31.65,15543.0,41.0,1028.72,5.25,dongyangHome
572,12-11 21:38:43,31.66,15509.0,41.0,1028.78,5.25,dongyangHome
573,12-11 21:38:49,31.66,15543.0,41.0,1028.76,5.25,dongyangHome
574,12-11 21:38:54,31.66,15636.0,41.0,1028.78,5.25,dongyangHome
575,12-11 21:38:59,31.67,15543.0,41.0,1028.76,5.25,dongyangHome
576,12-11 21:39:04,31.67,15683.0,41.0,1028.78,5.25,dongyangHome
577,12-11 21:39:09,31.67,15671.0,41.0,1028.76,5.25,dongyangHome
578,12-11 21:39:14,31.67,15555.0,41.0,1028.76,5.25,dongyangHome
579,12-11 21:39:19,31.68,15566.0,41.0,1028.78,5.25,dongyangHome
580,12-11 21:39:24,31.68,15566.0,41.0,1028.76,5.25,dongyangHome
581,12-11 21:39:29,31.68,15730.0,41.0,1028.76,5.25,dongyangHome
582,12-11 21:39:34,31.68,15730.0,41.0,1028.76,5.25,dongyangHome
583,12-11 21:39:39,31.68,15683.0,41.0,1028.76,5.25,dongyangHome
584,12-11 21:39:44,31.68,15566.0,41.0,1028.76,5.25,dongyangHome
585,12-11 21:39:50,31.68,15730.0,41.0,1028.76,5.25,dongyangHome
586,12-11 21:39:55,31.68,15625.0,41.0,1028.73,5.25,dongyangHome
587,12-11 21:40:00,31.69,15613.0,41.0,1028.73,5.25,dongyangHome
588,12-11 21:40:05,31.69,15509.0,41.0,1028.76,5.25,dongyangHome
589,12-11 21:40:10,31.68,15429.0,40.0,1028.73,5.25,dongyangHome
590,12-11 21:40:15,31.69,15474.0,40.0,1028.73,5.25,dongyangHome
591,12-11 21:40:20,31.69,15486.0,40.0,1028.72,5.25,dongyangHome
592,12-11 21:40:25,31.69,15486.0,40.0,1028.72,5.25,dongyangHome
593,12-11 21:40:30,31.7,15440.0,41.0,1028.73,5.25,dongyangHome
594,12-11 21:40:35,31.7,15406.0,41.0,1028.76,5.25,dongyangHome
595,12-11 21:40:40,31.7,15406.0,41.0,1028.73,5.25,dongyangHome
596,12-11 21:40:45,31.7,15474.0,41.0,1028.76,5.25,dongyangHome
597,12-11 21:40:51,31.7,15486.0,40.0,1028.73,5.25,dongyangHome
598,12-11 21:40:56,31.71,15327.0,40.0,1028.73,5.25,dongyangHome
599,12-11 21:41:01,31.71,15282.0,41.0,1028.73,5.25,dongyangHome
600,12-11 21:41:06,31.7,15417.0,41.0,1028.73,5.25,dongyangHome
601,12-11 21:41:11,31.71,15406.0,41.0,1028.73,5.25,dongyangHome
602,12-11 21:41:16,31.7,15406.0,41.0,1028.73,5.25,dongyangHome
603,12-11 21:41:21,31.71,15361.0,41.0,1028.73,5.25,dongyangHome
604,12-11 21:41:26,31.71,15474.0,41.0,1028.76,5.25,dongyangHome
605,12-11 21:41:32,31.71,15406.0,41.0,1028.73,5.25,dongyangHome
606,12-11 21:41:36,31.72,15440.0,41.0,1028.73,5.25,dongyangHome
607,12-11 21:41:42,31.71,15417.0,41.0,1028.73,5.25,dongyangHome
608,12-11 21:41:47,31.71,15452.0,41.0,1028.76,5.25,dongyangHome
609,12-11 21:41:52,31.71,15520.0,41.0,1028.72,5.25,dongyangHome
610,12-11 21:41:57,31.72,15452.0,41.0,1028.78,5.25,dongyangHome
611,12-11 21:42:02,31.71,15555.0,41.0,1028.76,5.25,dongyangHome
612,12-11 21:42:07,31.72,15429.0,41.0,1028.73,5.25,dongyangHome
613,12-11 21:42:13,31.72,15452.0,41.0,1028.76,5.25,dongyangHome
614,12-11 21:42:17,31.72,15555.0,41.0,1028.76,5.25,dongyangHome
615,12-11 21:42:22,31.72,15383.0,41.0,1028.76,5.25,dongyangHome
616,12-11 21:42:28,31.72,15372.0,41.0,1028.76,5.25,dongyangHome
617,12-11 21:42:32,31.72,15486.0,41.0,1028.76,5.25,dongyangHome
618,12-11 21:42:38,31.72,15566.0,41.0,1028.76,5.25,dongyangHome
619,12-11 21:42:43,31.72,15613.0,41.0,1028.78,5.25,dongyangHome
620,12-11 21:42:48,31.72,15613.0,40.0,1028.76,5.25,dongyangHome
621,12-11 21:42:53,31.72,15636.0,40.0,1028.76,5.25,dongyangHome
622,12-11 21:42:58,31.72,15566.0,40.0,1028.73,5.25,dongyangHome
623,12-11 21:43:05,31.72,15566.0,40.0,1028.76,5.25,dongyangHome
624,12-11 21:43:08,31.72,15648.0,40.0,1028.76,5.25,dongyangHome
625,12-11 21:43:13,31.72,15543.0,40.0,1028.76,5.25,dongyangHome
626,12-11 21:43:18,31.72,15648.0,40.0,1028.76,5.25,dongyangHome
627,12-11 21:43:24,31.72,15648.0,40.0,1028.76,5.25,dongyangHome
628,12-11 21:43:29,31.72,15590.0,40.0,1028.76,5.25,dongyangHome
629,12-11 21:43:34,31.72,15474.0,40.0,1028.78,5.31,dongyangHome
630,12-11 21:43:41,31.72,15625.0,40.0,1028.76,5.31,dongyangHome
631,12-11 21:43:44,31.72,15683.0,40.0,1028.78,5.31,dongyangHome
632,12-11 21:43:49,31.72,15543.0,40.0,1028.78,5.31,dongyangHome
633,12-11 21:43:54,31.72,15695.0,40.0,1028.78,5.31,dongyangHome
634,12-11 21:43:59,31.72,15532.0,40.0,1028.73,5.31,dongyangHome
635,12-11 21:44:04,31.72,15695.0,40.0,1028.78,5.31,dongyangHome
636,12-11 21:44:09,31.71,15660.0,40.0,1028.78,5.31,dongyangHome
637,12-11 21:44:15,31.72,15590.0,40.0,1028.78,5.31,dongyangHome
638,12-11 21:44:20,31.71,15742.0,40.0,1028.76,5.31,dongyangHome
639,12-11 21:44:25,31.72,15754.0,40.0,1028.78,5.31,dongyangHome
640,12-11 21:44:30,31.71,15813.0,40.0,1028.76,5.31,dongyangHome
641,12-11 21:44:35,31.72,15825.0,40.0,1028.8,5.31,dongyangHome
642,12-11 21:44:40,31.71,15778.0,40.0,1028.76,5.31,dongyangHome
643,12-11 21:44:45,31.71,15801.0,40.0,1028.76,5.31,dongyangHome
644,12-11 21:44:50,31.71,15873.0,40.0,1028.76,5.31,dongyangHome
645,12-11 21:44:56,31.7,15922.0,40.0,1028.78,5.31,dongyangHome
646,12-11 21:45:01,31.71,15683.0,40.0,1028.78,5.31,dongyangHome
647,12-11 21:45:06,31.71,15754.0,40.0,1028.78,5.31,dongyangHome
648,12-11 21:45:11,31.7,15648.0,40.0,1028.78,5.31,dongyangHome
649,12-11 21:45:16,31.7,15897.0,40.0,1028.78,5.31,dongyangHome
650,12-11 21:45:21,31.7,15778.0,40.0,1028.78,5.31,dongyangHome
651,12-11 21:45:26,31.7,15813.0,40.0,1028.78,5.31,dongyangHome
652,12-11 21:45:31,31.7,16068.0,40.0,1028.78,5.31,dongyangHome
653,12-11 21:45:37,31.69,16155.0,40.0,1028.76,5.31,dongyangHome
654,12-11 21:45:41,31.69,16044.0,40.0,1028.76,5.31,dongyangHome
655,12-11 21:45:47,31.69,16155.0,40.0,1028.76,5.31,dongyangHome
656,12-11 21:45:52,31.69,16218.0,40.0,1028.76,5.31,dongyangHome
657,12-11 21:45:57,31.69,16143.0,40.0,1028.76,5.31,dongyangHome
658,12-11 21:46:02,31.68,16105.0,40.0,1028.76,5.31,dongyangHome
659,12-11 21:46:07,31.69,16255.0,40.0,1028.78,5.31,dongyangHome
660,12-11 21:46:12,31.68,16268.0,40.0,1028.76,5.31,dongyangHome
661,12-11 21:46:18,31.69,16293.0,40.0,1028.76,5.31,dongyangHome
662,12-11 21:46:22,31.68,16180.0,40.0,1028.78,5.31,dongyangHome
663,12-11 21:46:27,31.68,16218.0,40.0,1028.78,5.31,dongyangHome
664,12-11 21:46:33,31.68,16293.0,40.0,1028.78,5.31,dongyangHome
665,12-11 21:46:38,31.68,16344.0,40.0,1028.78,5.31,dongyangHome
666,12-11 21:46:43,31.67,16243.0,40.0,1028.76,5.31,dongyangHome
667,12-11 21:46:48,31.67,16293.0,40.0,1028.76,5.31,dongyangHome
668,12-11 21:46:53,31.67,16331.0,40.0,1028.76,5.31,dongyangHome
669,12-11 21:46:58,31.67,16357.0,40.0,1028.76,5.31,dongyangHome
670,12-11 21:47:03,31.67,16281.0,40.0,1028.76,5.31,dongyangHome
671,12-11 21:47:08,31.67,16180.0,40.0,1028.76,5.31,dongyangHome
672,12-11 21:47:13,31.66,16331.0,40.0,1028.76,5.31,dongyangHome
673,12-11 21:47:19,31.66,16306.0,40.0,1028.76,5.31,dongyangHome
674,12-11 21:47:24,31.66,16306.0,40.0,1028.78,5.31,dongyangHome
675,12-11 21:47:29,31.66,16370.0,40.0,1028.76,5.31,dongyangHome
676,12-11 21:47:34,31.66,16344.0,40.0,1028.78,5.31,dongyangHome
677,12-11 21:47:39,31.65,16357.0,40.0,1028.72,5.31,dongyangHome
678,12-11 21:47:44,31.65,16473.0,40.0,1028.72,5.31,dongyangHome
679,12-11 21:47:49,31.65,16293.0,40.0,1028.72,5.31,dongyangHome
680,12-11 21:47:54,31.65,16331.0,40.0,1028.73,5.31,dongyangHome
681,12-11 21:47:59,31.65,16357.0,40.0,1028.73,5.31,dongyangHome
682,12-11 21:48:04,31.65,16306.0,40.0,1028.72,5.31,dongyangHome
683,12-11 21:48:09,31.64,16243.0,40.0,1028.73,5.31,dongyangHome
684,12-11 21:48:15,31.64,16205.0,40.0,1028.76,5.31,dongyangHome
685,12-11 21:48:20,31.64,16293.0,40.0,1028.73,5.31,dongyangHome
686,12-11 21:48:25,31.64,16434.0,40.0,1028.72,5.31,dongyangHome
687,12-11 21:48:30,31.63,16306.0,40.0,1028.72,5.31,dongyangHome
688,12-11 21:48:35,31.63,16447.0,40.0,1028.73,5.31,dongyangHome
689,12-11 21:48:40,31.63,16383.0,40.0,1028.73,5.31,dongyangHome
690,12-11 21:48:45,31.63,16344.0,40.0,1028.73,5.31,dongyangHome
691,12-11 21:48:51,31.62,16331.0,40.0,1028.73,5.31,dongyangHome
692,12-11 21:48:55,31.62,16331.0,40.0,1028.73,5.31,dongyangHome
693,12-11 21:49:01,31.61,16447.0,40.0,1028.72,5.31,dongyangHome
694,12-11 21:49:06,31.61,16408.0,40.0,1028.76,5.31,dongyangHome
695,12-11 21:49:11,31.61,16306.0,40.0,1028.73,5.31,dongyangHome
696,12-11 21:49:16,31.61,16447.0,40.0,1028.78,5.31,dongyangHome
697,12-11 21:49:21,31.6,16499.0,40.0,1028.73,5.31,dongyangHome
698,12-11 21:49:26,31.6,16551.0,40.0,1028.73,5.31,dongyangHome
699,12-11 21:49:31,31.6,16551.0,40.0,1028.76,5.31,dongyangHome
700,12-11 21:49:36,31.6,16281.0,40.0,1028.76,5.31,dongyangHome
